{
        "Type" : "MLP",
        "Layers" : [500, 10],
        "ActivationFunctions" : ["Softmax"],
        "MinibatchSize" : 10,
        "Schedule":
        [
                {
                        "LearningRate" : 0.01,
                        "Momentum" : 0.5,
                        "L1" : 0.0,
                        "L2" : 0.0,
                        "Dropout" : [0.5],
                        "Noise" : 0.0,
                        "Epochs" : 10
                },
                {
                        "Momentum" : 0.6,
                        "Epochs" : 10
                },
                {
                        "Momentum" : 0.7,
                        "Epochs" : 10
                },
                {
                        "Momentum" : 0.8,
                        "Epochs" : 10
                },
                {
                        "Momentum" : 0.9,
                        "Epochs" : 60
                }
        ]       
}